<?xml version="1.0" encoding="utf-8" ?>
<gadget>
  <name>Daron Yondem Blog</name>
  <namespace><!--_locComment_text="{Locked}"-->daron.yondem.com</namespace>
  <version><!--_locComment_text="{Locked}"-->1.0</version>
  <author name="Daron Yondem">
	 <info url="http://daron.yondem.com" />
  </author>
  <copyright>
    <!--_locComment_text="{Locked}"-->&#169; 2008
  </copyright>
  <description>Daron Yondem blog sitesinden guncel haberler...</description>
  <icons>
    <icon height="62" width="64" src="images/logo.png" />
  </icons>
  <hosts>
    <host name="sidebar">
      <base type="HTML" apiVersion="1.0.1" src="blog.htm" />
      <permissions><!--_locComment_text="{Locked}"-->Full</permissions>
      <platform minPlatformVersion="0.3" />
	  <defaultImage src="images/docked.png" />
    </host>
  </hosts>
</gadget>

